username,email,client_name,login_time,tool_name,file_name,file_size,file_type,record_count
user,email,Internal,2025-11-11 10:27:46,mDoc_v2,Meeting Documenter,35.9 MB,mp4,
user,email,Internal,2025-11-11 10:31:10,mDoc_v2,Meeting Documenter,35.9 MB,mp4,
user,email,Internal,2025-11-11 10:31:43,mDoc_v2,Meeting Documenter,35.9 MB,mp4,
user,email,Internal,2025-11-11 10:32:39,mDoc_v2,Meeting Documenter,35.9 MB,mp4,
user,email,Internal,2025-11-12 10:43:44,mDoc_v2,Meeting Documenter,35.9 MB,mp4,
user,email,Internal,2025-11-12 10:44:16,mDoc_v2,Meeting Documenter,35.9 MB,mp4,
user,email,Internal,2025-11-12 10:44:24,mDoc_v2,Meeting Documenter,35.9 MB,mp4,
user,email,Internal,2025-11-12 10:45:21,mDoc_v2,Meeting Documenter,35.9 MB,mp4,
user,email,Internal,2025-11-12 12:31:46,mDoc_v2,Meeting Documenter,35.9 MB,mp4,
user,email,Internal,2025-11-12 12:34:16,mDoc_v2,Meeting Documenter,35.9 MB,mp4,
user,email,Internal,2025-11-12 12:38:09,mDoc_v2,Meeting Documenter,35.9 MB,mp4,
user,email,Internal,2025-11-12 12:42:37,mDoc_v2,Meeting Documenter,35.9 MB,mp4,
user,email,Internal,2025-11-12 12:46:31,mDoc_v2,Meeting Documenter,35.9 MB,mp4,
user,email,Internal,2025-11-12 12:47:05,mDoc_v2,Meeting Documenter,35.9 MB,mp4,
user,email,Internal,2025-11-12 12:49:43,mDoc_v2,Meeting Documenter,35.9 MB,mp4,
user,email,Internal,2025-11-12 12:49:53,mDoc_v2,Meeting Documenter,35.9 MB,mp4,
user,email,Internal,2025-11-12 12:52:45,mDoc_v2,Meeting Documenter,35.9 MB,mp4,
user,email,Internal,2025-11-12 12:52:50,mDoc_v2,Meeting Documenter,35.9 MB,mp4,
user,email,Internal,2025-11-12 12:53:29,mDoc_v2,Meeting Documenter,35.9 MB,mp4,
user,email,Internal,2025-11-12 13:00:12,mDoc_v2,Meeting Documenter,35.9 MB,mp4,
user,email,Internal,2025-11-12 13:00:17,mDoc_v2,Meeting Documenter,35.9 MB,mp4,
user,email,Internal,2025-11-12 13:01:00,mDoc_v2,Meeting Documenter,35.9 MB,mp4,
user,email,Test,2025-11-17 20:14:41,mDoc_v2,meeting3,12.54 MB,mp4,
user,email,sample,2025-11-17 20:34:13,mDoc_v2,meeting3,12.54 MB,mp4,
user,email,Test,2025-11-17 21:07:45,mDoc_v2,meeting3,12.54 MB,mp4,
